fold,test_start,test_end,ret,pf,winrate,sharpe,dd,trades
1,2016-03-16,2016-05-14,3.042108459382953,1.1785865027114215,50.29585798816568,1.4598364999091025,-2.491677927394742,169.0
2,2016-06-16,2016-08-15,17.412409272959085,1.2019449766487311,46.71669793621013,3.0849455490532947,-18.572142273340354,533.0
3,2016-09-16,2016-11-15,19.97396850801745,1.5226443624541186,50.79365079365079,5.146173636325649,-4.126622304614235,315.0
4,2016-12-16,2017-02-15,20.094129381146587,1.375723269706239,47.17832957110609,4.495361464915533,-4.993720132358648,443.0
5,2017-03-16,2017-05-15,12.477260794280554,1.053696698110803,44.39178515007899,1.5668127427332303,-23.37775070546162,633.0
6,2017-06-16,2017-08-15,59.29156630499306,1.1399319309543792,48.43830005120328,4.459081285020236,-12.906302219191069,1953.0
7,2017-09-18,2017-11-15,14.14628003472005,1.2438866881123176,48.19277108433735,3.1889413968599722,-8.435156822182766,415.0
8,2017-12-18,2018-02-15,27.891929080302823,1.74951549381613,53.805774278215225,7.490888695422815,-2.7456780796874303,381.0
9,2018-03-16,2018-05-15,23.310914605486378,1.37812423593989,51.92307692307693,5.496103451068462,-4.832326545308774,572.0
