tag,from,to,net,pf,trades,gross_profit,gross_loss,payoff,recovery,dd_bal,dd_eq,dd_pct,wins,win_pct,secs,params
verify_tp15,2026.07.01,2026.08.01,83.18,1.7,49.0,201.85,-118.67,1.7,3.0,21.28,27.77,16.93,,,67.4,{'InpTP_R': 1.5}
base_train,2026.01.01,2026.07.01,-50.19,0.93,171.0,623.5,-673.69,-0.29,-0.24,198.38,213.29,84.21,,,69.1,{}
wk_base,2026.07.01,2026.07.08,25.83,3.96,6.0,34.56,-8.73,4.31,1.85,4.9,14.0,11.71,,,49.5,{}
oos_tp1.0,2026.07.01,2026.09.18,24.58,1.06,123.0,436.28,-411.7,0.2,0.26,91.92,94.25,47.75,,,53.4,{'InpTP_R': 1.0}
oos_tp1.5,2026.07.01,2026.09.18,11.09,1.03,123.0,414.29,-403.2,0.09,0.1,108.53,113.46,52.8,,,46.5,{'InpTP_R': 1.5}
oos_tp2.0,2026.07.01,2026.09.18,0.28,1.0,121.0,393.04,-392.76,0.0,0.0,87.15,92.32,49.13,,,50.0,{'InpTP_R': 2.0}
top_on_train,2026.01.01,2026.07.01,-52.15,0.77,59.0,169.77,-221.92,-0.88,-0.47,102.56,111.49,73.23,,,52.7,"{'InpFadeMinEfficiency': 0.7, 'InpSL_ATR': 1.75, 'InpTP_R': 1.0}"
y2025_check,2025.01.01,2025.07.01,-66.67,0.87,250.0,435.43,-502.1,-0.27,-0.78,83.03,85.86,74.23,,,68.8,{}
oos10k_best,2026.07.01,2026.09.18,-31.23,0.92,112.0,351.11,-382.34,-0.28,-0.35,77.37,89.05,58.88,,,52.0,"{'InpFadeMinEfficiency': 0.5, 'InpSL_ATR': 1.75, 'InpTP_R': 2.0}"
oos10k_best,2026.07.01,2026.09.18,273.21,1.08,223.0,3.0,-3.0,1.23,0.96,244.55,284.92,2.73,,,52.5,"{'InpFadeMinEfficiency': 0.5, 'InpSL_ATR': 1.75, 'InpTP_R': 2.0}"
oos10k_def,2026.07.01,2026.09.18,328.67,1.12,124.0,3.0,-2.0,2.65,0.7,453.73,472.08,4.44,,,50.5,{}
oos_gopt,2026.07.01,2026.09.18,898.34,1.14,372.0,7.0,-6.0,2.41,1.62,522.98,554.0,5.0,,,56.8,"{'InpMinImpulseATR': 0.8, 'InpMaxImpulseATR': 5.0, 'InpFadeMinEfficiency': 0.4, 'InpEntryFibMin': 0.382, 'InpEntryFibMax': 0.727, 'InpSL_ATR': 1.75, 'InpTP_R': 2.0, 'InpMinReactionScore': 2.5}"
recheck_train,2025.01.01,2026.07.01,10.0,1.19,2733.0,67.0,-56.0,3.96,7.36,1.0,1.0,12.23,,,63.6,"{'InpMinImpulseATR': 0.8, 'InpMaxImpulseATR': 5.0, 'InpFadeMinEfficiency': 0.4, 'InpEntryFibMin': 0.382, 'InpEntryFibMax': 0.727, 'InpSL_ATR': 1.75, 'InpTP_R': 2.0, 'InpMinReactionScore': 2.5}"
oos_100_top,2026.07.01,2026.09.18,69.19,1.08,233.0,934.16,-864.97,0.3,0.71,90.69,97.5,36.56,,,55.6,"{'InpMinImpulseATR': 0.8, 'InpMaxImpulseATR': 5.0, 'InpFadeMinEfficiency': 0.4, 'InpEntryFibMin': 0.382, 'InpEntryFibMax': 0.727, 'InpSL_ATR': 1.75, 'InpTP_R': 2.0, 'InpMinReactionScore': 2.5}"
recheck_train2,2025.01.01,2026.07.01,10820.2,1.19,2733.0,67375.96,-56555.76,3.96,7.36,1440.04,1470.06,12.23,,,64.4,"{'InpMinImpulseATR': 0.8, 'InpMaxImpulseATR': 5.0, 'InpFadeMinEfficiency': 0.4, 'InpEntryFibMin': 0.382, 'InpEntryFibMax': 0.727, 'InpSL_ATR': 1.75, 'InpTP_R': 2.0, 'InpMinReactionScore': 2.5}"
p2025h1,2025.01.01,2025.07.01,116.12,1.08,625.0,1608.26,-1492.14,0.19,1.01,104.57,115.0,45.86,,,59.2,"{'InpMinImpulseATR': 0.8, 'InpMaxImpulseATR': 5.0, 'InpFadeMinEfficiency': 0.4, 'InpEntryFibMin': 0.382, 'InpEntryFibMax': 0.727, 'InpSL_ATR': 1.75, 'InpTP_R': 2.0, 'InpMinReactionScore': 2.5}"
p2025h2,2025.07.01,2026.01.01,400.23,1.26,580.0,1954.39,-1554.16,0.69,3.04,117.61,131.69,62.87,,,55.7,"{'InpMinImpulseATR': 0.8, 'InpMaxImpulseATR': 5.0, 'InpFadeMinEfficiency': 0.4, 'InpEntryFibMin': 0.382, 'InpEntryFibMax': 0.727, 'InpSL_ATR': 1.75, 'InpTP_R': 2.0, 'InpMinReactionScore': 2.5}"
p2026h1,2026.01.01,2026.07.01,-44.53,0.98,362.0,1837.94,-1882.47,-0.12,-0.12,365.95,382.46,90.08,,,52.5,"{'InpMinImpulseATR': 0.8, 'InpMaxImpulseATR': 5.0, 'InpFadeMinEfficiency': 0.4, 'InpEntryFibMin': 0.382, 'InpEntryFibMax': 0.727, 'InpSL_ATR': 1.75, 'InpTP_R': 2.0, 'InpMinReactionScore': 2.5}"
v480_100,2026.07.01,2026.09.18,69.19,1.08,233.0,934.16,-864.97,0.3,0.71,90.69,97.5,36.56,,,54.2,{}
v480_10k,2026.07.01,2026.09.18,898.34,1.14,372.0,7136.36,-6238.02,2.41,1.62,522.98,554.0,5.0,,,48.3,{}
final_v482,2026.07.01,2026.09.18,326.47,1.15,411.0,2468.38,-2141.91,0.79,1.51,197.09,216.23,2.06,,,106.6,{}
day1,2026.07.06,2026.07.07,33.13,2.21,8.0,60.6,-27.47,4.14,0.98,19.15,33.79,0.34,,,87.0,{}
bad_2026.04.15,2026.04.15,2026.04.16,-14.85,0.79,10.0,55.03,-69.88,-1.48,-0.19,69.88,76.93,0.77,,,83.5,{}
bad_2026.03.10,2026.03.10,2026.03.11,59.58,3.28,8.0,85.68,-26.1,7.45,1.54,26.1,38.75,0.38,,,74.5,{}
