Pass,Result,Profit,Expected Payoff,Profit Factor,Recovery Factor,Sharpe Ratio,Custom,Equity DD %,Trades,InpMinImpulseATR,InpMaxImpulseATR,InpFadeMinEfficiency,InpEntryFibMin,InpEntryFibMax,InpSL_ATR,InpTP_R,InpMinReactionScore
3353,20820.20,10820.20,3.959093,1.191319,7.360380,6.365473,0,12.2293,2733,0.8,5,0.40,0.382,0.727,1.75,2.00,2.5
3293,20820.20,10820.20,3.959093,1.191319,7.360380,6.365473,0,12.2293,2733,0.8,5,0.40,0.382,0.727,1.75,2.00,3.0
3253,20720.23,10720.23,3.918213,1.189545,6.641820,6.154858,0,13.3481,2736,0.8,5,0.40,0.382,0.727,1.75,3.00,2.5
3231,20720.23,10720.23,3.918213,1.189545,6.641820,6.154858,0,13.3481,2736,0.8,5,0.40,0.382,0.727,1.75,3.00,3.0
3265,20698.97,10698.97,3.911872,1.190262,6.353685,6.175080,0,13.9454,2735,0.8,5,0.40,0.382,0.727,1.75,2.75,3.0
2869,20698.97,10698.97,3.911872,1.190262,6.353685,6.175080,0,13.9454,2735,0.8,5,0.40,0.382,0.727,1.75,2.75,2.5
2929,20691.13,10691.13,4.014694,1.191300,5.426694,6.334810,0,9.8237,2663,0.8,5,0.50,0.382,0.727,1.75,3.00,2.5
2619,20691.13,10691.13,4.014694,1.191300,5.426694,6.334810,0,9.8237,2663,0.8,5,0.50,0.382,0.727,1.75,3.00,3.0
3279,20687.34,10687.34,3.961208,1.192916,6.079710,6.236499,0,14.5262,2698,0.8,5,0.45,0.382,0.727,1.75,3.00,3.0
3247,20687.34,10687.34,3.961208,1.192916,6.079710,6.236499,0,14.5262,2698,0.8,5,0.45,0.382,0.727,1.75,3.00,2.5
3289,20663.87,10663.87,3.956909,1.191859,6.532433,6.405839,0,13.4924,2695,0.8,5,0.45,0.382,0.727,1.75,2.00,2.5
3125,20663.87,10663.87,3.956909,1.191859,6.532433,6.405839,0,13.4924,2695,0.8,5,0.45,0.382,0.727,1.75,2.00,3.0
3050,20557.72,10557.72,3.966086,1.189182,5.922254,6.465057,0,8.9689,2662,0.8,5,0.50,0.382,0.727,1.75,2.00,2.5
3038,20557.72,10557.72,3.966086,1.189182,5.922254,6.465057,0,8.9689,2662,0.8,5,0.50,0.382,0.727,1.75,2.00,3.0
3186,20459.71,10459.71,3.879714,1.190361,5.730783,6.176029,0,15.0984,2696,0.8,5,0.45,0.382,0.727,1.75,2.75,2.5
3169,20459.71,10459.71,3.879714,1.190361,5.730783,6.176029,0,15.0984,2696,0.8,5,0.45,0.382,0.727,1.75,2.75,3.0
3147,20451.87,10451.87,3.923375,1.188595,5.504780,6.268716,0,9.6012,2664,0.8,5,0.50,0.382,0.727,1.75,2.75,3.0
2952,20451.87,10451.87,3.923375,1.188595,5.504780,6.268716,0,9.6012,2664,0.8,5,0.50,0.382,0.727,1.75,2.75,2.5
3320,20371.22,10371.22,3.811547,1.186655,6.553983,6.277135,0,13.2412,2721,0.8,5,0.40,0.382,0.727,1.75,1.75,2.5
3299,20371.22,10371.22,3.811547,1.186655,6.553983,6.277135,0,13.2412,2721,0.8,5,0.40,0.382,0.727,1.75,1.75,3.0
3117,20307.71,10307.71,4.085497,1.189975,4.593576,6.464548,0,11.0444,2523,0.8,5,0.55,0.382,0.727,1.75,3.00,3.0
3073,20307.71,10307.71,4.085497,1.189975,4.593576,6.464548,0,11.0444,2523,0.8,5,0.55,0.382,0.727,1.75,3.00,2.5
3129,20241.50,10241.50,3.758349,1.183746,6.173074,5.996331,0,13.8140,2725,1.2,5,0.40,0.382,0.727,1.75,3.00,2.5
3107,20241.50,10241.50,3.758349,1.183746,6.173074,5.996331,0,13.8140,2725,1.2,5,0.40,0.382,0.727,1.75,3.00,3.0
3132,20224.38,10224.38,4.063744,1.188097,4.101235,6.481705,0,11.9867,2516,0.8,5,0.45,0.382,0.668,1.75,2.75,3.0
3099,20224.38,10224.38,4.063744,1.188097,4.101235,6.481705,0,11.9867,2516,0.8,5,0.45,0.382,0.668,1.75,2.75,2.5
2993,20224.38,10224.38,4.063744,1.188097,4.101235,6.481705,0,11.9867,2516,0.8,5,0.50,0.382,0.668,1.75,2.75,3.0
2773,20224.38,10224.38,4.063744,1.188097,4.101235,6.481705,0,11.9867,2516,0.8,5,0.50,0.382,0.668,1.75,2.75,2.5
3149,20210.81,10210.81,4.058351,1.187438,4.021112,6.444984,0,12.1907,2516,0.8,5,0.45,0.382,0.668,1.75,3.00,2.5
2975,20210.81,10210.81,4.058351,1.187438,4.021112,6.444984,0,12.1907,2516,0.8,5,0.50,0.382,0.668,1.75,3.00,2.5
2836,20210.81,10210.81,4.058351,1.187438,4.021112,6.444984,0,12.1907,2516,0.8,5,0.50,0.382,0.668,1.75,3.00,3.0
3368,20201.02,10201.02,4.049631,1.187233,4.131992,6.434535,0,11.8970,2519,0.8,5,0.40,0.382,0.668,1.75,3.00,3.0
3331,20201.02,10201.02,4.049631,1.187233,4.131992,6.434535,0,11.8970,2519,0.8,5,0.40,0.382,0.668,1.75,3.00,2.5
3272,20189.31,10189.31,3.846474,1.185006,5.648677,6.401227,0,9.2264,2649,0.8,5,0.50,0.382,0.727,1.75,1.75,3.0
3163,20189.31,10189.31,3.846474,1.185006,5.648677,6.401227,0,9.2264,2649,0.8,5,0.50,0.382,0.727,1.75,1.75,2.5
3134,20185.77,10185.77,4.489101,1.204391,4.426229,7.194369,0,11.5138,2269,0.8,5,0.55,0.382,0.609,1.75,2.75,3.0
3104,20185.77,10185.77,4.489101,1.204391,4.426229,7.194369,0,11.5138,2269,0.8,5,0.55,0.382,0.609,1.75,2.75,2.5
3237,20173.81,10173.81,4.481855,1.204600,4.493673,7.155861,0,11.3505,2270,0.8,5,0.55,0.382,0.609,1.75,3.00,2.5
3199,20168.03,10168.03,4.038137,1.187010,4.163028,6.451130,0,11.7882,2518,0.8,5,0.40,0.382,0.668,1.75,2.75,2.5
3146,20168.03,10168.03,4.038137,1.187010,4.163028,6.451130,0,11.7882,2518,0.8,5,0.40,0.382,0.668,1.75,2.75,3.0
3224,20158.52,10158.52,3.732006,1.182359,6.692263,6.127275,0,12.7178,2722,1.2,5,0.40,0.382,0.727,1.75,2.00,3.0
3170,20118.51,10118.51,4.235458,1.194961,3.727578,6.740042,0,12.8833,2389,0.8,5,0.55,0.382,0.668,1.75,2.75,3.0
3086,20118.51,10118.51,4.235458,1.194961,3.727578,6.740042,0,12.8833,2389,0.8,5,0.55,0.382,0.668,1.75,2.75,2.5
3259,20114.20,10114.20,3.800902,1.184176,5.504596,6.162984,0,9.4035,2661,0.8,5,0.50,0.382,0.727,1.75,2.50,3.0
3054,20114.20,10114.20,3.800902,1.184176,5.504596,6.162984,0,9.4035,2661,0.8,5,0.50,0.382,0.727,1.75,2.50,2.5
3232,20055.17,10055.17,4.207184,1.194224,3.697257,6.679752,0,12.9600,2390,0.8,5,0.55,0.382,0.668,1.75,3.00,3.0
3094,20055.17,10055.17,4.207184,1.194224,3.697257,6.679752,0,12.9600,2390,0.8,5,0.55,0.382,0.668,1.75,3.00,2.5
3124,20049.66,10049.66,3.689302,1.181578,5.820356,5.941401,0,14.4061,2724,1.2,5,0.40,0.382,0.727,1.75,2.75,3.0
2944,20049.66,10049.66,3.689302,1.181578,5.820356,5.941401,0,14.4061,2724,1.2,5,0.40,0.382,0.727,1.75,2.75,2.5
2965,20008.22,10008.22,3.969940,1.186531,4.499613,6.363551,0,11.1112,2521,0.8,5,0.55,0.382,0.727,1.75,2.75,3.0