Pass,Result,Profit,Expected Payoff,Profit Factor,Recovery Factor,Sharpe Ratio,Custom,Equity DD %,Trades,InpFadeMinEfficiency,InpSL_ATR,InpTP_R
25,233.13,133.13,1.255943,1.397605,2.613467,13.959742,0,23.0206,106,0.70,1.75,1.00
27,231.29,131.29,1.491932,1.490602,2.165430,17.168337,0,26.7800,88,0.80,1.75,1.00
24,225.23,125.23,1.108230,1.345729,2.458382,11.609277,0,24.7968,113,0.65,1.75,1.00
13,214.40,114.40,1.167347,1.506128,1.841597,24.255877,0,24.3541,98,0.80,1.25,1.00
26,210.85,110.85,1.142784,1.352095,1.828303,12.874454,0,30.6289,97,0.75,1.75,1.00
23,201.22,101.22,0.829672,1.245554,2.245342,8.249717,0,25.3017,122,0.60,1.75,1.00
163,185.51,85.51,0.750088,1.234814,1.565257,6.462810,0,44.8485,114,0.60,1.75,2.00
11,183.47,83.47,0.689835,1.273153,1.004815,15.776554,0,33.4313,121,0.70,1.25,1.00
20,181.82,81.82,0.899121,1.319049,1.530204,14.509587,0,25.4752,91,0.80,1.50,1.00
21,180.38,80.38,0.562098,1.160545,1.599284,6.326173,0,25.9126,143,0.50,1.75,1.00
90,176.11,76.11,0.801158,1.289645,1.148657,11.996950,0,28.4720,95,0.80,1.50,1.50
164,175.71,75.71,0.742255,1.240785,1.437714,6.378973,0,44.9970,102,0.65,1.75,2.00
10,171.02,71.02,0.550543,1.211520,0.910746,11.706857,0,33.7663,129,0.65,1.25,1.00
128,169.88,69.88,0.612982,1.189156,1.311808,5.260253,0,44.4769,114,0.60,1.75,1.75
93,168.61,68.61,0.567025,1.171080,1.396499,5.399136,0,27.0227,121,0.60,1.75,1.50
123,166.04,66.04,0.574261,1.189362,0.727713,8.501777,0,35.9990,115,0.70,1.50,1.75
166,165.52,65.52,0.704516,1.229564,1.236460,6.785815,0,29.0038,93,0.75,1.75,2.00
129,162.41,62.41,0.605922,1.195251,1.161548,5.508923,0,45.9113,103,0.65,1.75,1.75
12,162.33,62.33,0.577130,1.220022,0.828967,13.277692,0,34.2614,108,0.75,1.25,1.00
18,161.29,61.29,0.537632,1.173282,0.779870,8.909089,0,35.9811,114,0.70,1.50,1.00
130,160.94,60.94,0.621837,1.201695,1.290008,5.930125,0,25.0199,98,0.70,1.75,1.75
58,160.39,60.39,0.499091,1.153527,1.394366,4.962203,0,25.7308,121,0.60,1.75,1.25
165,159.87,59.87,0.610918,1.198153,1.200521,5.494975,0,42.6130,98,0.70,1.75,2.00
95,156.90,56.90,0.563366,1.182799,1.034734,5.572216,0,29.1600,101,0.70,1.75,1.50
162,149.88,49.88,0.405528,1.119823,0.949553,3.707995,0,26.8545,123,0.55,1.75,2.00
55,149.63,49.63,0.545385,1.197336,0.773535,8.381497,0,33.1611,91,0.80,1.50,1.25
88,145.53,45.53,0.399386,1.130552,0.494569,6.340376,0,40.3878,114,0.70,1.50,1.50
48,145.36,45.36,0.498462,1.209071,0.769074,10.012605,0,31.2344,91,0.80,1.25,1.25
41,139.44,39.44,0.398384,1.185251,0.782695,12.414821,0,29.4661,99,0.80,1.00,1.25
53,137.38,37.38,0.327895,1.107183,0.407767,5.265425,0,43.9159,114,0.70,1.50,1.25
81,136.99,36.99,0.313475,1.120922,0.470730,6.273167,0,39.2233,118,0.70,1.25,1.50
46,136.76,36.76,0.311525,1.120170,0.464083,6.677698,0,38.9660,118,0.70,1.25,1.25
76,136.69,36.69,0.374388,1.172334,0.562989,11.041409,0,35.5518,98,0.80,1.00,1.50
158,134.50,34.50,0.305310,1.098925,0.380585,4.319045,0,41.1204,113,0.70,1.50,2.00
160,132.81,32.81,0.360549,1.130457,0.483852,5.181547,0,34.6111,91,0.80,1.50,2.00
151,131.21,31.21,0.266752,1.102027,0.402762,4.982290,0,39.2991,117,0.70,1.25,2.00
83,130.46,30.46,0.334725,1.140395,0.535985,6.099690,0,33.0292,91,0.80,1.25,1.50
125,130.39,30.39,0.333956,1.120835,0.458026,4.980366,0,34.5501,91,0.80,1.50,1.75
22,125.11,25.11,0.204146,1.057300,0.447993,2.373096,0,34.0089,123,0.55,1.75,1.00
17,124.58,24.58,0.199837,1.059704,0.260796,3.537251,0,47.7530,123,0.65,1.50,1.00
167,124.40,24.40,0.287059,1.092740,0.388535,3.306542,0,33.5919,85,0.80,1.75,2.00
67,124.16,24.16,0.254316,1.065214,0.329559,2.595952,0,37.9746,95,0.70,2.00,1.25
97,121.94,21.94,0.258118,1.083390,0.290827,3.179324,0,38.2207,85,0.80,1.75,1.50
132,121.65,21.65,0.251744,1.080495,0.280259,3.047028,0,38.8386,86,0.80,1.75,1.75
60,121.07,21.07,0.208614,1.064458,0.351518,2.357923,0,33.8663,101,0.70,1.75,1.25
62,120.93,20.93,0.243372,1.076622,0.285344,3.034705,0,38.5525,86,0.80,1.75,1.25
127,119.94,19.94,0.162114,1.046123,0.268371,1.693683,0,38.2516,123,0.55,1.75,1.75
19,119.33,19.33,0.191386,1.059446,0.279013,3.323699,0,41.4478,101,0.75,1.50,1.00
153,118.90,18.90,0.207692,1.087113,0.319797,3.625932,0,35.4998,91,0.80,1.25,2.00
118,118.59,18.59,0.204286,1.085684,0.305505,3.663654,0,35.9953,91,0.80,1.25,1.75
6,115.21,15.21,0.153636,1.068870,0.256104,5.351182,0,37.1396,99,0.80,1.00,1.00
111,113.97,13.97,0.142551,1.065618,0.198861,3.943746,0,41.7385,98,0.80,1.00,1.75
122,113.31,13.31,0.108211,1.032723,0.124906,1.823804,0,49.5236,123,0.65,1.50,1.75
52,112.84,12.84,0.105246,1.032893,0.135357,1.708619,0,50.6217,122,0.65,1.50,1.25
54,111.95,11.95,0.121939,1.040591,0.184016,1.936606,0,41.9076,98,0.75,1.50,1.25
87,111.09,11.09,0.090163,1.027505,0.097744,1.526384,0,52.7966,123,0.65,1.50,1.50
16,110.94,10.94,0.081642,1.024177,0.126474,1.388550,0,47.4180,134,0.60,1.50,1.00
32,110.94,10.94,0.120220,1.030661,0.137213,1.282122,0,45.2934,91,0.70,2.00,1.00
135,109.34,9.34,0.086481,1.020826,0.133888,0.805190,0,42.4202,108,0.60,2.00,1.75
89,107.95,7.95,0.077184,1.024845,0.098684,1.252888,0,45.0408,103,0.75,1.50,1.50
131,104.03,4.03,0.045795,1.014507,0.044594,0.574258,0,50.6360,88,0.75,1.75,1.75
80,103.34,3.34,0.026299,1.009376,0.035014,0.550454,0,51.9837,127,0.65,1.25,1.50
146,102.56,2.56,0.026122,1.012024,0.037758,0.659826,0,44.4853,98,0.80,1.00,2.00
9,102.53,2.53,0.017692,1.006078,0.023645,0.442659,0,54.3616,143,0.60,1.25,1.00
45,100.67,0.67,0.005276,1.001881,0.007108,0.117702,0,51.7230,127,0.65,1.25,1.25
157,100.28,0.28,0.002314,1.000713,0.003033,0.033937,0,49.1325,121,0.65,1.50,2.00
116,99.98,-0.02,-0.000172,0.999935,-0.000256,-0.003319,0,46.5900,116,0.70,1.25,1.75
51,99.94,-0.06,-0.000451,0.999862,-0.000706,-0.007200,0,49.6726,133,0.60,1.50,1.25
159,99.80,-0.20,-0.002041,0.999321,-0.003156,-0.030112,0,41.3696,98,0.75,1.50,2.00
102,99.66,-0.34,-0.003820,0.999004,-0.005125,-0.035813,0,41.1845,89,0.70,2.00,1.50
39,95.35,-4.65,-0.037805,0.984188,-0.056166,-1.333238,0,51.9646,123,0.70,1.00,1.25
150,95.24,-4.76,-0.037778,0.986449,-0.051404,-0.738946,0,52.5181,126,0.65,1.25,2.00
15,94.61,-5.39,-0.039926,0.987993,-0.061699,-0.672805,0,53.2845,135,0.55,1.50,1.00
47,94.58,-5.42,-0.053663,0.980235,-0.075985,-1.161521,0,46.5540,101,0.75,1.25,1.25
59,94.16,-5.84,-0.060833,0.981081,-0.078064,-0.767525,0,46.5468,96,0.65,1.75,1.25
121,92.57,-7.43,-0.055865,0.983433,-0.085216,-0.861648,0,49.2265,133,0.60,1.50,1.75
7,92.24,-7.76,-0.046467,0.984007,-0.076870,-1.111537,0,57.6330,167,0.50,1.25,1.00
156,90.71,-9.29,-0.070916,0.978658,-0.117655,-0.989960,0,47.2729,131,0.60,1.50,2.00
124,90.40,-9.60,-0.097959,0.967981,-0.138648,-1.541852,0,44.6883,98,0.75,1.50,1.75
117,89.79,-10.21,-0.104184,0.959596,-0.163858,-1.917483,0,45.2013,98,0.75,1.25,1.75
94,89.30,-10.70,-0.111458,0.965457,-0.141966,-1.353361,0,46.5103,96,0.65,1.75,1.50
82,89.00,-11.00,-0.111111,0.958343,-0.167888,-2.093970,0,48.0176,99,0.75,1.25,1.50
34,88.50,-11.50,-0.194915,0.947827,-0.124688,-2.270901,0,56.9637,59,0.80,2.00,1.00
68,87.20,-12.80,-0.182857,0.951257,-0.145388,-2.031621,0,55.6265,70,0.75,2.00,1.25
69,86.87,-13.13,-0.182361,0.951460,-0.102956,-2.138153,0,64.5950,72,0.80,2.00,1.25
65,86.71,-13.29,-0.162073,0.957624,-0.129142,-1.889032,0,60.0198,82,0.60,2.00,1.25
40,86.39,-13.61,-0.123727,0.948825,-0.159592,-4.217200,0,55.7933,110,0.75,1.00,1.25
29,86.18,-13.82,-0.186757,0.949571,-0.169467,-2.204092,0,56.4165,74,0.55,2.00,1.00
66,85.60,-14.40,-0.161798,0.959729,-0.124524,-1.875981,0,62.7557,89,0.65,2.00,1.25
171,85.43,-14.57,-0.179877,0.952992,-0.167876,-1.677055,0,55.0628,81,0.65,2.00,2.00
96,85.15,-14.85,-0.168750,0.948254,-0.155156,-2.315611,0,54.9174,88,0.75,1.75,1.50
86,85.11,-14.89,-0.112803,0.966515,-0.156671,-1.784470,0,55.0765,132,0.60,1.50,1.50
64,85.06,-14.94,-0.182195,0.951457,-0.149340,-2.149915,0,61.6845,82,0.55,2.00,1.25
74,84.98,-15.02,-0.123115,0.948925,-0.149215,-4.122515,0,60.2430,122,0.70,1.00,1.50
115,84.44,-15.56,-0.125484,0.954311,-0.175482,-2.435729,0,54.4924,124,0.65,1.25,1.75
77,84.03,-15.97,-0.099812,0.965068,-0.160939,-2.048028,0,57.6751,160,0.50,1.25,1.50
75,83.64,-16.36,-0.150092,0.938485,-0.165772,-4.911569,0,60.2577,109,0.75,1.00,1.50
44,83.43,-16.57,-0.118357,0.958669,-0.191716,-2.683596,0,53.1779,140,0.60,1.25,1.25
30,82.81,-17.19,-0.212222,0.944837,-0.212537,-2.480956,0,55.8294,81,0.60,2.00,1.00
170,82.80,-17.20,-0.226316,0.937270,-0.266625,-2.305135,0,48.6098,76,0.60,2.00,2.00
152,82.69,-17.31,-0.174848,0.933780,-0.277493,-3.195645,0,46.7091,99,0.75,1.25,2.00
31,82.29,-17.71,-0.249437,0.935689,-0.176500,-3.247769,0,61.2539,71,0.65,2.00,1.00
38,82.00,-18.00,-0.136364,0.944819,-0.171054,-4.900195,0,62.4844,132,0.65,1.00,1.25
49,81.14,-18.86,-0.125733,0.963085,-0.203650,-2.020819,0,55.6986,150,0.50,1.50,1.25
28,80.75,-19.25,-0.211538,0.946389,-0.199296,-2.576367,0,58.8533,91,0.50,2.00,1.00
57,80.62,-19.38,-0.168522,0.951138,-0.229675,-2.347374,0,51.6654,115,0.55,1.75,1.25
8,80.10,-19.90,-0.130921,0.955207,-0.186854,-3.328680,0,61.2421,152,0.55,1.25,1.00
149,80.03,-19.97,-0.146838,0.946983,-0.237427,-2.949776,0,54.1144,136,0.60,1.25,2.00
42,79.53,-20.47,-0.125583,0.956153,-0.214323,-2.824057,0,57.4082,163,0.50,1.25,1.25
33,79.36,-20.64,-0.355862,0.903700,-0.277419,-4.593536,0,55.0866,58,0.75,2.00,1.00
99,79.05,-20.95,-0.252410,0.933405,-0.242730,-2.905252,0,56.0382,83,0.55,2.00,1.50
100,78.92,-21.08,-0.288767,0.922134,-0.298499,-3.199624,0,51.0999,73,0.60,2.00,1.50
134,78.73,-21.27,-0.236333,0.939348,-0.207249,-2.689617,0,60.9478,90,0.55,2.00,1.75
101,77.64,-22.36,-0.338788,0.905379,-0.327955,-3.611313,0,50.6990,66,0.65,2.00,1.50
136,77.58,-22.42,-0.329706,0.907244,-0.365266,-3.350788,0,48.7182,68,0.65,2.00,1.75
79,77.46,-22.54,-0.163333,0.942282,-0.260548,-3.442738,0,56.1389,138,0.60,1.25,1.50
61,77.33,-22.67,-0.273133,0.920123,-0.225214,-3.947432,0,60.6605,83,0.75,1.75,1.25
120,77.17,-22.83,-0.167868,0.949747,-0.235385,-2.541486,0,57.9425,136,0.55,1.50,1.75
14,76.49,-23.51,-0.156733,0.954846,-0.221876,-2.816391,0,61.1920,150,0.50,1.50,1.00
104,76.06,-23.94,-0.443333,0.870546,-0.396030,-4.870864,0,48.2943,54,0.80,2.00,1.50
73,75.19,-24.81,-0.189389,0.923942,-0.205926,-5.000000,0,68.0217,131,0.65,1.00,1.50
144,74.05,-25.95,-0.216250,0.907139,-0.290952,-5.000000,0,61.3876,120,0.70,1.00,2.00
50,73.95,-26.05,-0.203516,0.938320,-0.267894,-3.460123,0,64.6887,128,0.55,1.50,1.25
78,73.93,-26.07,-0.178562,0.937501,-0.294576,-3.775120,0,58.0100,146,0.55,1.25,1.50
109,73.52,-26.48,-0.218843,0.907774,-0.271896,-5.000000,0,62.8323,121,0.70,1.00,1.75
4,73.17,-26.83,-0.219918,0.909072,-0.307190,-5.000000,0,59.8958,122,0.70,1.00,1.00
92,71.88,-28.12,-0.286939,0.915074,-0.289003,-3.889894,0,61.2875,98,0.55,1.75,1.50
43,71.25,-28.75,-0.198276,0.929774,-0.327972,-4.532114,0,57.8308,145,0.55,1.25,1.25
98,70.95,-29.05,-0.299485,0.924669,-0.323425,-3.341250,0,57.1811,97,0.50,2.00,1.50
113,70.37,-29.63,-0.205764,0.926527,-0.341399,-4.311420,0,58.0225,144,0.55,1.25,1.75
161,68.77,-31.23,-0.278839,0.918319,-0.350702,-3.552594,0,58.8799,112,0.50,1.75,2.00
155,68.59,-31.41,-0.232667,0.931615,-0.364978,-3.474894,0,55.9376,135,0.55,1.50,2.00
112,68.42,-31.58,-0.199873,0.929443,-0.315453,-3.958234,0,62.7216,158,0.50,1.25,1.75
143,68.37,-31.63,-0.249055,0.895164,-0.316490,-5.000000,0,66.4671,127,0.65,1.00,2.00
148,67.73,-32.27,-0.222552,0.921562,-0.351295,-4.601096,0,60.8828,145,0.55,1.25,2.00
147,67.44,-32.56,-0.204780,0.928732,-0.332482,-4.054696,0,63.0505,159,0.50,1.25,2.00
110,67.34,-32.66,-0.305234,0.873322,-0.326992,-5.000000,0,66.0102,107,0.75,1.00,1.75
114,67.27,-32.73,-0.238905,0.915374,-0.382717,-4.915442,0,58.8940,137,0.60,1.25,1.75
108,67.00,-33.00,-0.255814,0.893538,-0.313301,-5.000000,0,67.3379,129,0.65,1.00,1.75
63,66.42,-33.58,-0.357234,0.910542,-0.350010,-4.535954,0,59.1784,94,0.50,2.00,1.25
126,66.39,-33.61,-0.266746,0.922565,-0.352565,-3.581808,0,58.9476,126,0.50,1.75,1.75
5,66.04,-33.96,-0.314444,0.870968,-0.394059,-5.000000,0,62.6627,108,0.75,1.00,1.00
85,64.90,-35.10,-0.290083,0.913237,-0.325573,-4.894847,0,66.2102,121,0.55,1.50,1.50
3,63.58,-36.42,-0.278015,0.887248,-0.358924,-5.000000,0,67.4847,131,0.65,1.00,1.00
84,62.75,-37.25,-0.258681,0.924117,-0.370573,-4.179176,0,63.3756,144,0.50,1.50,1.50
119,62.24,-37.76,-0.258630,0.924192,-0.379574,-4.059062,0,61.5137,146,0.50,1.50,1.75
91,61.80,-38.20,-0.363810,0.893611,-0.408862,-5.000000,0,61.6659,105,0.50,1.75,1.50
169,57.73,-42.27,-0.595352,0.838312,-0.588637,-5.000000,0,55.4346,71,0.55,2.00,2.00
137,57.28,-42.72,-0.749474,0.784046,-0.557266,-5.000000,0,57.2346,57,0.70,2.00,1.75
154,56.59,-43.41,-0.297329,0.912856,-0.438884,-4.724548,0,63.6077,146,0.50,1.50,2.00
172,56.32,-43.68,-0.716066,0.801057,-0.550750,-5.000000,0,58.4753,61,0.70,2.00,2.00
174,56.28,-43.72,-0.950435,0.723711,-0.636205,-5.000000,0,54.9760,46,0.80,2.00,2.00
173,56.23,-43.77,-1.250571,0.630008,-0.775926,-5.000000,0,50.0799,35,0.75,2.00,2.00
56,55.46,-44.54,-0.428269,0.879279,-0.460552,-5.000000,0,63.5539,104,0.50,1.75,1.25
138,54.43,-45.57,-1.340294,0.614793,-0.818427,-5.000000,0,50.5676,34,0.75,2.00,1.75
139,54.34,-45.66,-1.170769,0.671203,-0.685174,-5.000000,0,55.0835,39,0.80,2.00,1.75
103,54.22,-45.78,-1.308000,0.638017,-0.805560,-5.000000,0,51.1751,35,0.75,2.00,1.50
140,45.09,-54.91,-0.366067,0.852452,-0.553138,-5.000000,0,71.7010,150,0.50,1.00,2.00
105,45.06,-54.94,-0.361447,0.855679,-0.543745,-5.000000,0,71.6088,152,0.50,1.00,1.75
168,43.37,-56.63,-3.331176,0.280066,-0.950646,-5.000000,0,57.8687,17,0.50,2.00,2.00
133,43.37,-56.63,-3.331176,0.280066,-0.950646,-5.000000,0,57.8687,17,0.50,2.00,1.75
145,42.65,-57.35,-0.585204,0.750370,-0.579469,-5.000000,0,72.9276,98,0.75,1.00,2.00
70,41.48,-58.52,-0.385000,0.845165,-0.553590,-5.000000,0,73.8714,152,0.50,1.00,1.50
142,41.21,-58.79,-0.549439,0.758126,-0.639647,-5.000000,0,72.2506,107,0.60,1.00,2.00
106,40.02,-59.98,-0.444296,0.817351,-0.600100,-5.000000,0,74.0535,135,0.55,1.00,1.75
107,39.93,-60.07,-0.492377,0.789361,-0.676845,-5.000000,0,71.7578,122,0.60,1.00,1.75
0,39.82,-60.18,-0.412192,0.830589,-0.816111,-5.000000,0,67.8818,146,0.50,1.00,1.00
35,32.25,-67.75,-0.457770,0.813597,-0.868256,-5.000000,0,70.7563,148,0.50,1.00,1.25
141,31.42,-68.58,-0.511791,0.793899,-0.625616,-5.000000,0,77.7226,134,0.55,1.00,2.00
1,31.40,-68.60,-0.515789,0.787425,-0.888256,-5.000000,0,71.0945,133,0.55,1.00,1.00
72,31.18,-68.82,-0.555000,0.773454,-0.707733,-5.000000,0,75.7203,124,0.60,1.00,1.50
71,31.10,-68.90,-0.514179,0.792632,-0.669647,-5.000000,0,76.7893,134,0.55,1.00,1.50
2,30.41,-69.59,-0.565772,0.771183,-0.888988,-5.000000,0,72.0213,123,0.60,1.00,1.00
37,30.36,-69.64,-0.561613,0.770755,-0.838228,-5.000000,0,73.2370,124,0.60,1.00,1.25
36,29.51,-70.49,-0.538092,0.776817,-0.872725,-5.000000,0,73.2408,131,0.55,1.00,1.25
