tp,sl,net,pf,trades,payoff,dd_pct,dd_eq
1.25,1.25,-63.33,0.89,157.0,-0.4,87.12,204.27
1.25,1.5,-51.96,0.92,163.0,-0.32,84.58,223.61
1.25,2.0,-45.33,0.8,53.0,-0.86,75.0,137.5
1.5,1.25,-60.47,0.9,182.0,-0.33,85.94,197.23
1.5,1.5,-52.05,0.89,136.0,-0.38,80.36,159.28
1.5,2.0,-43.78,0.83,63.0,-0.69,75.9,145.64
1.75,1.25,-59.46,0.9,181.0,-0.33,85.93,198.42
1.75,1.5,-51.3,0.91,153.0,-0.34,81.58,175.17
1.75,2.0,-43.32,0.79,54.0,-0.8,73.78,128.13
2.0,1.25,-57.12,0.91,181.0,-0.32,86.36,215.52
2.0,1.5,-52.95,0.92,171.0,-0.31,86.54,237.71
2.0,2.0,-41.53,0.83,63.0,-0.66,74.04,131.7
