fold,test_start,test_end,ret,pf,sharpe,dd,trades
1,2016-03-25,2016-05-19,18.430027487684562,3.316246025964714,9.462978752286935,-1.1750878716370483,77.0
2,2016-06-24,2016-08-19,16.74465813839865,2.371662655320797,8.741549285932319,-1.7405750039648726,114.0
3,2016-09-26,2016-11-19,21.48978328805118,4.1357365041345195,9.989864478659403,-2.1987262035258026,62.0
4,2016-12-26,2017-02-18,27.79346593655605,5.7249713156275615,12.773533073027096,-1.0714805473372557,67.0
5,2017-03-24,2017-05-19,30.316887128196512,5.882612152238595,13.767933678015815,-0.9993660567188423,82.0
6,2017-06-26,2017-08-19,36.74192996284668,2.2260323058436855,10.369541123628572,-2.4842303539016175,187.0
7,2017-09-26,2017-11-18,22.35407399395659,3.6980616983445023,10.456394550662637,-2.3190595342423292,81.0
8,2017-12-26,2018-02-19,31.368333199684084,2.451324607803057,9.704064975517152,-2.2103186997124546,107.0
9,2018-03-26,2018-05-19,30.801609129996276,3.9918259566491368,13.248856238949699,-1.2529459062404436,110.0
