fold,train_start,train_end,test_start,test_end,val_return_pct,val_profit_factor,test_return_pct,test_sharpe,test_profit_factor,test_win_rate_pct,test_max_dd_pct,test_avg_r,test_n_trades
1,2021-01-18,2022-01-12,2022-04-25,2022-07-18,2.242983962192757,1.0477083898528807,-4.944220569709401,-1.41997958325956,0.9046957342093118,43.92156862745098,-8.13868090987695,-0.037733617123694385,255.0
2,2021-04-19,2022-04-12,2022-07-25,2022-10-18,-10.137917788100125,0.7423644455095093,-1.6498332284422434,-0.5293055855974577,0.9573221648323977,53.79061371841155,-6.54407210880067,-0.010780651639164963,277.0
3,2021-07-19,2022-07-12,2022-10-25,2023-01-18,-2.7716034658824884,0.9330497421745831,-2.5638289680781745,-0.7647318335296176,0.9084815424677478,41.46341463414634,-8.605697475575248,-0.03879820400337759,123.0
4,2021-10-18,2022-10-12,2023-01-25,2023-04-18,-7.3012324920973315,0.8013686041407384,1.9455252074819684,0.6913405369970846,1.05632439819219,44.15584415584416,-7.494514592226109,0.018527414188565607,231.0
5,2022-01-18,2023-01-12,2023-04-25,2023-07-18,-0.8196156326355286,0.9813689902056958,9.699793996916807,3.119376439472815,1.251635423663457,52.961672473867594,-4.493351091369924,0.06588915010705033,287.0
6,2022-04-18,2023-04-12,2023-07-25,2023-10-18,13.253306302744239,1.2277355721547134,1.0768818107694367,0.3536124506967971,1.0190518810777343,38.311688311688314,-10.433496628898753,0.00907171379702357,308.0
7,2022-07-18,2023-07-12,2023-10-25,2024-01-18,1.6278481267124612,1.0255200430875098,-10.27146466070883,-2.692091641874672,0.8337582365537373,38.387096774193544,-12.97107495585812,-0.06784212095106872,310.0
8,2022-10-18,2023-10-12,2024-01-25,2024-04-18,-0.3250244512704725,0.9939082452741771,4.194712401277334,1.1291891568446686,1.0804092827287972,43.829787234042556,-9.316985718366421,0.037815617261323334,235.0
9,2023-01-18,2024-01-12,2024-04-25,2024-07-18,5.889512530303009,1.1390686342049738,8.04716007812809,2.164182184550151,1.1770582063238835,41.76706827309237,-6.268794801892586,0.06453444262648224,249.0
